NPT_purpose,AADT_all,AADT_bike,Weekly_all_total,Weekly_bike_total
Commute,0.9725687243359563,0.7349414668865895,6.807981070351694,5.144590268206127
Leisure,0.2092568939267609,0.10634163097392131,1.4647982574873262,0.7443914168174491
Other,0.8954304694699571,0.565983577803746,6.268013286289699,3.961885044626222
Recreational Cycling,0.0064217644824828765,0.31819857957239933,0.044952351377380136,2.2273900570067955
School,0.14651886096025343,0.26620753540418834,1.025632026721774,1.8634527478293184
Shopping,0.6012205755046072,0.2228656702957668,4.20854402853225,1.5600596920703675
Visiting,0.27373910703543897,0.19855778147272377,1.9161737492480728,1.3899044703090664
