n_segment_cells,min_flow,max_to_route,time_total,time_r_commute
3199746,1,Inf,660.5101666666667,596.932
387046,221,Inf,26.859,24.020533333333333
