n_segment_cells,min_flow,max_to_route,time_total,time_r_commute
3199955,1,Inf,653.5201666666667,591.016
555709,221,Inf,28.919333333333334,25.482333333333333
387046,221,Inf,26.859,24.020533333333333
